id,book_title,book_author,book_title_norm,book_author_norm,trademe_categories,shopify_tags
1,The Complete Children's Handbook [1],Alex Fletcher,the complete children s handbook 1,alex fletcher,Books → Audio books → CD → Children's,"[""tm_ab_cd_children""]"
2,Tm_Ab_Cd_Fiction in Context [2],Riley Hayes,tm ab cd fiction in context 2,riley hayes,Books → Audio books → CD → Fiction,"[""tm_ab_cd_fiction""]"
3,The Complete Tm_Ab_Cd_Nonfiction Handbook [3],Bailey Rowan,the complete tm ab cd nonfiction handbook 3,bailey rowan,Books → Audio books → CD → Non-fiction,"[""tm_ab_cd_nonfiction""]"
4,A Field Guide to Tm_Ab_Cd_Other [4],Sam Bennett,a field guide to tm ab cd other 4,sam bennett,Books → Audio books → CD → Other,"[""tm_ab_cd_other""]"
5,The Complete Tape Handbook [5],Jamie Stewart,the complete tape handbook 5,jamie stewart,Books → Audio books → Tape,"[""tm_ab_tape""]"
6,Bulk: A Practical Guide [6],Bailey Campbell,bulk a practical guide 6,bailey campbell,Books → Bulk,"[""tm_bulk""]"
7,A Field Guide to Colouring [7],Riley Brooks,a field guide to colouring 7,riley brooks,Books → Children & babies → Activity & colouring → Colouring,"[""tm_cb_ac_colouring""]"
8,Foundations of Tm_Cb_Ac_Other [8],Alex Reid,foundations of tm cb ac other 8,alex reid,Books → Children & babies → Activity & colouring → Other,"[""tm_cb_ac_other""]"
9,A Field Guide to Puzzles & games [9],Drew Fletcher,a field guide to puzzles games 9,drew fletcher,Books → Children & babies → Activity & colouring → Puzzles & games,"[""tm_cb_ac_puzzles_games""]"
10,Understanding Sticker [10],Jamie Walsh,understanding sticker 10,jamie walsh,Books → Children & babies → Activity & colouring → Sticker,"[""tm_cb_ac_sticker""]"
11,The Complete Dictionaries & encyclopaedia Handbook [11],Jordan Mitchell,the complete dictionaries encyclopaedia handbook 11,jordan mitchell,Books → Children & babies → Educational → Dictionaries & encyclopaedia,"[""tm_cb_edu_dictionaries_encyclopaedia""]"
12,The Complete Foreign languages Handbook [12],Avery Turner,the complete foreign languages handbook 12,avery turner,Books → Children & babies → Educational → Foreign languages,"[""tm_cb_edu_foreign_languages""]"
13,Foundations of Geography [13],Sam Brooks,foundations of geography 13,sam brooks,Books → Children & babies → Educational → Geography,"[""tm_cb_edu_geography""]"
14,The Complete Government & politics Handbook [14],Quinn Rowan,the complete government politics handbook 14,quinn rowan,Books → Children & babies → Educational → Government & politics,"[""tm_cb_edu_government_politics""]"
15,Foundations of History [15],Parker Turner,foundations of history 15,parker turner,Books → Children & babies → Educational → History,"[""tm_cb_edu_history""]"
16,Maths & numbers in Context [16],Jordan Carter,maths numbers in context 16,jordan carter,Books → Children & babies → Educational → Maths & numbers,"[""tm_cb_edu_maths_numbers""]"
17,Tm_Cb_Edu_Other in Context [17],Robin Rowan,tm cb edu other in context 17,robin rowan,Books → Children & babies → Educational → Other,"[""tm_cb_edu_other""]"
18,Reading & writing in Context [18],Taylor Mitchell,reading writing in context 18,taylor mitchell,Books → Children & babies → Educational → Reading & writing,"[""tm_cb_edu_reading_writing""]"
19,Foundations of Science & nature [19],Logan Turner,foundations of science nature 19,logan turner,Books → Children & babies → Educational → Science & nature,"[""tm_cb_edu_science_nature""]"
20,Understanding Shapes & colours [20],Avery Turner,understanding shapes colours 20,avery turner,Books → Children & babies → Educational → Shapes & colours,"[""tm_cb_edu_shapes_colours""]"
21,Enid Blyton in Context [21],Chris Rowan,enid blyton in context 21,chris rowan,Books → Children & babies → Enid Blyton,"[""tm_cb_enid_blyton""]"
22,Understanding Fairytales [22],Bailey Stewart,understanding fairytales 22,bailey stewart,Books → Children & babies → Fairytales,"[""tm_cb_fairytales""]"
23,Understanding Nursery rhymes [23],Logan Mitchell,understanding nursery rhymes 23,logan mitchell,Books → Children & babies → Nursery rhymes,"[""tm_cb_nursery_rhymes""]"
24,Foundations of Tm_Cb_Other [24],Bailey Stewart,foundations of tm cb other 24,bailey stewart,Books → Children & babies → Other,"[""tm_cb_other""]"
25,Beatrix Potter: Methods and Insights [25],Sam Stewart,beatrix potter methods and insights 25,sam stewart,Books → Children & babies → Picture books → Beatrix Potter,"[""tm_cb_pb_beatrix_potter""]"
26,Disney: A Practical Guide [26],Drew Mitchell,disney a practical guide 26,drew mitchell,Books → Children & babies → Picture books → Disney,"[""tm_cb_pb_disney""]"
27,Foundations of Dr. Seuss [27],Jordan Campbell,foundations of dr seuss 27,jordan campbell,Books → Children & babies → Picture books → Dr. Seuss,"[""tm_cb_pb_dr_seuss""]"
28,Golden books: Methods and Insights [28],Jamie Foster,golden books methods and insights 28,jamie foster,Books → Children & babies → Picture books → Golden books,"[""tm_cb_pb_golden_books""]"
29,A Field Guide to Lynley Dodd [29],Logan Hayes,a field guide to lynley dodd 29,logan hayes,Books → Children & babies → Picture books → Lynley Dodd,"[""tm_cb_pb_lynley_dodd""]"
30,Foundations of Tm_Cb_Pb_Other [30],Casey Stewart,foundations of tm cb pb other 30,casey stewart,Books → Children & babies → Picture books → Other,"[""tm_cb_pb_other""]"
31,Foundations of Thomas the Tank Engine [31],Cameron Clark,foundations of thomas the tank engine 31,cameron clark,Books → Children & babies → Picture books → Thomas the Tank Engine,"[""tm_cb_pb_thomas_the_tank_engine""]"
32,A Field Guide to Winnie the Pooh [32],Avery Stewart,a field guide to winnie the pooh 32,avery stewart,Books → Children & babies → Picture books → Winnie the Pooh,"[""tm_cb_pb_winnie_the_pooh""]"
33,Understanding Commando [33],Elliot Foster,understanding commando 33,elliot foster,Books → Comics & graphic novels → Commando,"[""tm_cgn_commando""]"
34,The Complete DC Handbook [34],Sam Sinclair,the complete dc handbook 34,sam sinclair,Books → Comics & graphic novels → DC,"[""tm_cgn_dc""]"
35,Understanding Footrot flats [35],Morgan Clark,understanding footrot flats 35,morgan clark,Books → Comics & graphic novels → Footrot flats,"[""tm_cgn_footrot_flats""]"
36,The Complete Manga Handbook [36],Quinn Mitchell,the complete manga handbook 36,quinn mitchell,Books → Comics & graphic novels → Manga,"[""tm_cgn_manga""]"
37,Modern Tm_Cgn_Marvel_Other [37],Elliot Fletcher,modern tm cgn marvel other 37,elliot fletcher,Books → Comics & graphic novels → Marvel → Other,"[""tm_cgn_marvel_other""]"
38,Spider-Man: A Practical Guide [38],Taylor Evans,spider man a practical guide 38,taylor evans,Books → Comics & graphic novels → Marvel → Spider-Man,"[""tm_cgn_marvel_spider_man""]"
39,Foundations of The Hulk [39],Drew Sinclair,foundations of the hulk 39,drew sinclair,Books → Comics & graphic novels → Marvel → The Hulk,"[""tm_cgn_marvel_the_hulk""]"
40,Foundations of X-Men [40],Harper Reid,foundations of x men 40,harper reid,Books → Comics & graphic novels → Marvel → X-Men,"[""tm_cgn_marvel_x_men""]"
41,Modern Tm_Cgn_Other [41],Alex Fletcher,modern tm cgn other 41,alex fletcher,Books → Comics & graphic novels → Other,"[""tm_cgn_other""]"
42,Understanding Rare [42],Elliot Sinclair,understanding rare 42,elliot sinclair,Books → Comics & graphic novels → Rare,"[""tm_cgn_rare""]"
43,Foundations of TV & Movies [43],Elliot Scott,foundations of tv movies 43,elliot scott,Books → Comics & graphic novels → TV & Movies,"[""tm_cgn_tv_movies""]"
44,Walt Disney in Context [44],Casey Turner,walt disney in context 44,casey turner,Books → Comics & graphic novels → Walt Disney,"[""tm_cgn_walt_disney""]"
45,Understanding Tm_Fl_Adv_Ac [45],Bailey Clark,understanding tm fl adv ac 45,bailey clark,Books → Fiction & literature → Adventure → Author A-C,"[""tm_fl_adv_ac""]"
46,Tm_Fl_Adv_Df: A Practical Guide [46],Parker Foster,tm fl adv df a practical guide 46,parker foster,Books → Fiction & literature → Adventure → Author D-F,"[""tm_fl_adv_df""]"
47,Modern Tm_Fl_Adv_Gi [47],Alex Hayes,modern tm fl adv gi 47,alex hayes,Books → Fiction & literature → Adventure → Author G-I,"[""tm_fl_adv_gi""]"
48,Tm_Fl_Adv_Jl: Methods and Insights [48],Robin Stewart,tm fl adv jl methods and insights 48,robin stewart,Books → Fiction & literature → Adventure → Author J-L,"[""tm_fl_adv_jl""]"
49,Tm_Fl_Adv_Mo: A Practical Guide [49],Riley Mitchell,tm fl adv mo a practical guide 49,riley mitchell,Books → Fiction & literature → Adventure → Author M-O,"[""tm_fl_adv_mo""]"
50,The Complete Tm_Fl_Adv_Pr Handbook [50],Skyler Rowan,the complete tm fl adv pr handbook 50,skyler rowan,Books → Fiction & literature → Adventure → Author P-R,"[""tm_fl_adv_pr""]"
51,Understanding Tm_Fl_Adv_Su [51],Casey Scott,understanding tm fl adv su 51,casey scott,Books → Fiction & literature → Adventure → Author S-U,"[""tm_fl_adv_su""]"
52,Understanding Tm_Fl_Adv_Vz [52],Chris Walker,understanding tm fl adv vz 52,chris walker,Books → Fiction & literature → Adventure → Author V-Z,"[""tm_fl_adv_vz""]"
53,Tm_Fl_Adv_Other in Context [53],Bailey Campbell,tm fl adv other in context 53,bailey campbell,Books → Fiction & literature → Adventure → Other,"[""tm_fl_adv_other""]"
54,Foundations of Tm_Fl_Cla_Ac [54],Quinn Brooks,foundations of tm fl cla ac 54,quinn brooks,Books → Fiction & literature → Classics → Author A-C,"[""tm_fl_cla_ac""]"
55,Tm_Fl_Cla_Df: Methods and Insights [55],Logan Evans,tm fl cla df methods and insights 55,logan evans,Books → Fiction & literature → Classics → Author D-F,"[""tm_fl_cla_df""]"
56,Modern Tm_Fl_Cla_Gi [56],Taylor Hayes,modern tm fl cla gi 56,taylor hayes,Books → Fiction & literature → Classics → Author G-I,"[""tm_fl_cla_gi""]"
57,Tm_Fl_Cla_Jl in Context [57],Jordan Walsh,tm fl cla jl in context 57,jordan walsh,Books → Fiction & literature → Classics → Author J-L,"[""tm_fl_cla_jl""]"
58,Tm_Fl_Cla_Mo: A Practical Guide [58],Cameron Mitchell,tm fl cla mo a practical guide 58,cameron mitchell,Books → Fiction & literature → Classics → Author M-O,"[""tm_fl_cla_mo""]"
59,Tm_Fl_Cla_Pr in Context [59],Alex Rowan,tm fl cla pr in context 59,alex rowan,Books → Fiction & literature → Classics → Author P-R,"[""tm_fl_cla_pr""]"
60,Tm_Fl_Cla_Su: A Practical Guide [60],Riley Sinclair,tm fl cla su a practical guide 60,riley sinclair,Books → Fiction & literature → Classics → Author S-U,"[""tm_fl_cla_su""]"
61,Tm_Fl_Cla_Vz: A Practical Guide [61],Drew Walsh,tm fl cla vz a practical guide 61,drew walsh,Books → Fiction & literature → Classics → Author V-Z,"[""tm_fl_cla_vz""]"
62,Tm_Fl_Cla_Other in Context [62],Chris Foster,tm fl cla other in context 62,chris foster,Books → Fiction & literature → Classics → Other,"[""tm_fl_cla_other""]"
63,Tm_Fl_Gen_Ac in Context [63],Bailey Carter,tm fl gen ac in context 63,bailey carter,Books → Fiction & literature → General fiction → Author A-C,"[""tm_fl_gen_ac""]"
64,Modern Tm_Fl_Gen_Df [64],Riley Foster,modern tm fl gen df 64,riley foster,Books → Fiction & literature → General fiction → Author D-F,"[""tm_fl_gen_df""]"
65,A Field Guide to Tm_Fl_Gen_Gi [65],Jamie Hayes,a field guide to tm fl gen gi 65,jamie hayes,Books → Fiction & literature → General fiction → Author G-I,"[""tm_fl_gen_gi""]"
66,The Complete Tm_Fl_Gen_Jl Handbook [66],Harper Turner,the complete tm fl gen jl handbook 66,harper turner,Books → Fiction & literature → General fiction → Author J-L,"[""tm_fl_gen_jl""]"
67,A Field Guide to Tm_Fl_Gen_Mo [67],Harper Mitchell,a field guide to tm fl gen mo 67,harper mitchell,Books → Fiction & literature → General fiction → Author M-O,"[""tm_fl_gen_mo""]"
68,Tm_Fl_Gen_Pr: A Practical Guide [68],Taylor Rowan,tm fl gen pr a practical guide 68,taylor rowan,Books → Fiction & literature → General fiction → Author P-R,"[""tm_fl_gen_pr""]"
69,A Field Guide to Tm_Fl_Gen_Su [69],Drew Sinclair,a field guide to tm fl gen su 69,drew sinclair,Books → Fiction & literature → General fiction → Author S-U,"[""tm_fl_gen_su""]"
70,Tm_Fl_Gen_Vz in Context [70],Jamie Walsh,tm fl gen vz in context 70,jamie walsh,Books → Fiction & literature → General fiction → Author V-Z,"[""tm_fl_gen_vz""]"
71,Modern Tm_Fl_Gen_Other [71],Casey Clark,modern tm fl gen other 71,casey clark,Books → Fiction & literature → General fiction → Other,"[""tm_fl_gen_other""]"
72,Understanding Tm_Fl_Hor_Ac [72],Chris Bishop,understanding tm fl hor ac 72,chris bishop,Books → Fiction & literature → Horror → Author A-C,"[""tm_fl_hor_ac""]"
73,Tm_Fl_Hor_Df in Context [73],Jordan Foster,tm fl hor df in context 73,jordan foster,Books → Fiction & literature → Horror → Author D-F,"[""tm_fl_hor_df""]"
74,The Complete Tm_Fl_Hor_Gi Handbook [74],Sam Hayes,the complete tm fl hor gi handbook 74,sam hayes,Books → Fiction & literature → Horror → Author G-I,"[""tm_fl_hor_gi""]"
75,The Complete Tm_Fl_Hor_Jl Handbook [75],Riley Reid,the complete tm fl hor jl handbook 75,riley reid,Books → Fiction & literature → Horror → Author J-L,"[""tm_fl_hor_jl""]"
76,A Field Guide to Tm_Fl_Hor_Mo [76],Skyler Mitchell,a field guide to tm fl hor mo 76,skyler mitchell,Books → Fiction & literature → Horror → Author M-O,"[""tm_fl_hor_mo""]"
77,Tm_Fl_Hor_Pr in Context [77],Quinn Rowan,tm fl hor pr in context 77,quinn rowan,Books → Fiction & literature → Horror → Author P-R,"[""tm_fl_hor_pr""]"
78,Understanding Tm_Fl_Hor_Su [78],Quinn Sinclair,understanding tm fl hor su 78,quinn sinclair,Books → Fiction & literature → Horror → Author S-U,"[""tm_fl_hor_su""]"
79,A Field Guide to Tm_Fl_Hor_Vz [79],Chris Walker,a field guide to tm fl hor vz 79,chris walker,Books → Fiction & literature → Horror → Author V-Z,"[""tm_fl_hor_vz""]"
80,Foundations of Tm_Fl_Hor_Other [80],Harper Evans,foundations of tm fl hor other 80,harper evans,Books → Fiction & literature → Horror → Other,"[""tm_fl_hor_other""]"
81,Modern Chinese [81],Casey Campbell,modern chinese 81,casey campbell,Books → Foreign language → Chinese,"[""tm_flg_chinese""]"
82,Foundations of Dutch [82],Jamie Carter,foundations of dutch 82,jamie carter,Books → Foreign language → Dutch,"[""tm_flg_dutch""]"
83,French: A Practical Guide [83],Drew Carter,french a practical guide 83,drew carter,Books → Foreign language → French,"[""tm_flg_french""]"
84,German: A Practical Guide [84],Cameron Foster,german a practical guide 84,cameron foster,Books → Foreign language → German,"[""tm_flg_german""]"
85,Understanding Italian [85],Sam Hughes,understanding italian 85,sam hughes,Books → Foreign language → Italian,"[""tm_flg_italian""]"
86,The Complete Japanese Handbook [86],Morgan Rowan,the complete japanese handbook 86,morgan rowan,Books → Foreign language → Japanese,"[""tm_flg_japanese""]"
87,The Complete Tm_Flg_Other Handbook [87],Riley Mitchell,the complete tm flg other handbook 87,riley mitchell,Books → Foreign language → Other,"[""tm_flg_other""]"
88,The Complete Russian Handbook [88],Cameron Stewart,the complete russian handbook 88,cameron stewart,Books → Foreign language → Russian,"[""tm_flg_russian""]"
89,Spanish: A Practical Guide [89],Parker Rowan,spanish a practical guide 89,parker rowan,Books → Foreign language → Spanish,"[""tm_flg_spanish""]"
90,A Field Guide to Art & craft [90],Cameron Walker,a field guide to art craft 90,cameron walker,Books → Magazines → Art & craft,"[""tm_mag_art_craft""]"
91,Aviation: Methods and Insights [91],Chris Campbell,aviation methods and insights 91,chris campbell,Books → Magazines → Automotive & aviation → Aviation,"[""tm_mag_auto_aviation_aviation""]"
92,Classic cars: Methods and Insights [92],Riley Fletcher,classic cars methods and insights 92,riley fletcher,Books → Magazines → Automotive & aviation → Classic cars,"[""tm_mag_auto_aviation_classic_cars""]"
93,A Field Guide to Motorbikes [93],Casey Bishop,a field guide to motorbikes 93,casey bishop,Books → Magazines → Automotive & aviation → Motorbikes,"[""tm_mag_auto_aviation_motorbikes""]"
94,Modern Tm_Mag_Auto_Aviation_Other [94],Drew Rowan,modern tm mag auto aviation other 94,drew rowan,Books → Magazines → Automotive & aviation → Other,"[""tm_mag_auto_aviation_other""]"
95,Racing & performance: A Practical Guide [95],Logan Scott,racing performance a practical guide 95,logan scott,Books → Magazines → Automotive & aviation → Racing & performance,"[""tm_mag_auto_aviation_racing_performance""]"
96,The Complete Trucks Handbook [96],Jordan Evans,the complete trucks handbook 96,jordan evans,Books → Magazines → Automotive & aviation → Trucks,"[""tm_mag_auto_aviation_trucks""]"
97,Business & technology in Context [97],Elliot Fletcher,business technology in context 97,elliot fletcher,Books → Magazines → Business & technology,"[""tm_mag_business_technology""]"
98,Understanding Children & baby [98],Avery Rowan,understanding children baby 98,avery rowan,Books → Magazines → Children & baby,"[""tm_mag_children_baby""]"
99,Cooking in Context [99],Avery Bishop,cooking in context 99,avery bishop,Books → Magazines → Cooking,"[""tm_mag_cooking""]"
100,Understanding Educational [100],Logan Evans,understanding educational 100,logan evans,Books → Magazines → Educational,"[""tm_mag_educational""]"
101,Foundations of Fashion [101],Parker Hughes,foundations of fashion 101,parker hughes,Books → Magazines → Fashion,"[""tm_mag_fashion""]"
102,Home & garden: A Practical Guide [102],Bailey Bishop,home garden a practical guide 102,bailey bishop,Books → Magazines → Home & garden,"[""tm_mag_home_garden""]"
103,The Complete Men Handbook [103],Casey Fletcher,the complete men handbook 103,casey fletcher,Books → Magazines → Men,"[""tm_mag_men""]"
104,The Complete Music Handbook [104],Taylor Evans,the complete music handbook 104,taylor evans,Books → Magazines → Music,"[""tm_mag_music""]"
105,Understanding Tm_Mag_Other [105],Chris Bishop,understanding tm mag other 105,chris bishop,Books → Magazines → Other,"[""tm_mag_other""]"
106,R18-adult in Context [106],Drew Campbell,r18 adult in context 106,drew campbell,Books → Magazines → R18-adult,"[""tm_mag_r18_adult""]"
107,Foundations of Sports [107],Elliot Foster,foundations of sports 107,elliot foster,Books → Magazines → Sports,"[""tm_mag_sports""]"
108,Foundations of Wedding [108],Sam Rowan,foundations of wedding 108,sam rowan,Books → Magazines → Wedding,"[""tm_mag_wedding""]"
109,A Field Guide to Women [109],Chris Carter,a field guide to women 109,chris carter,Books → Magazines → Women,"[""tm_mag_women""]"
110,Antiques & collectables: A Practical Guide [110],Drew Hayes,antiques collectables a practical guide 110,drew hayes,Books → Non-fiction → Antiques & collectables,"[""tm_nf_antiques_collectables""]"
111,Foundations of Architecture [111],Morgan Brooks,foundations of architecture 111,morgan brooks,"Books → Non-fiction → Art, photography & design → Architecture","[""tm_nf_art_photo_design_architecture""]"
112,A Field Guide to Art history [112],Bailey Bennett,a field guide to art history 112,bailey bennett,"Books → Non-fiction → Art, photography & design → Art history","[""tm_nf_art_photo_design_art_history""]"
113,The Complete Art instruction Handbook [113],Jordan Hayes,the complete art instruction handbook 113,jordan hayes,"Books → Non-fiction → Art, photography & design → Art instruction","[""tm_nf_art_photo_design_art_instruction""]"
114,Design: A Practical Guide [114],Avery Walker,design a practical guide 114,avery walker,"Books → Non-fiction → Art, photography & design → Design","[""tm_nf_art_photo_design_design""]"
115,Understanding Drawing [115],Harper Hayes,understanding drawing 115,harper hayes,"Books → Non-fiction → Art, photography & design → Drawing","[""tm_nf_art_photo_design_drawing""]"
116,Fashion: A Practical Guide [116],Robin Turner,fashion a practical guide 116,robin turner,"Books → Non-fiction → Art, photography & design → Fashion","[""tm_nf_art_photo_design_fashion""]"
117,Tm_Nf_Art_Photo_Design_Other: A Practical Guide [117],Avery Campbell,tm nf art photo design other a practical guide 117,avery campbell,"Books → Non-fiction → Art, photography & design → Other","[""tm_nf_art_photo_design_other""]"
118,Painting in Context [118],Taylor Turner,painting in context 118,taylor turner,"Books → Non-fiction → Art, photography & design → Painting","[""tm_nf_art_photo_design_painting""]"
119,A Field Guide to Photography [119],Parker Hayes,a field guide to photography 119,parker hayes,"Books → Non-fiction → Art, photography & design → Photography","[""tm_nf_art_photo_design_photography""]"
120,Sculpture in Context [120],Morgan Reid,sculpture in context 120,morgan reid,"Books → Non-fiction → Art, photography & design → Sculpture","[""tm_nf_art_photo_design_sculpture""]"
121,A Field Guide to Business [121],Alex Reid,a field guide to business 121,alex reid,Books → Non-fiction → Biography → Business,"[""tm_nf_biography_business""]"
122,Literary: Methods and Insights [122],Harper Stewart,literary methods and insights 122,harper stewart,Books → Non-fiction → Biography → Literary,"[""tm_nf_biography_literary""]"
123,Foundations of Military [123],Morgan Sinclair,foundations of military 123,morgan sinclair,Books → Non-fiction → Biography → Military,"[""tm_nf_biography_military""]"
124,A Field Guide to Movie & TV [124],Sam Foster,a field guide to movie tv 124,sam foster,Books → Non-fiction → Biography → Movie & TV,"[""tm_nf_biography_movie_tv""]"
125,Music in Context [125],Jamie Brooks,music in context 125,jamie brooks,Books → Non-fiction → Biography → Music,"[""tm_nf_biography_music""]"
126,Tm_Nf_Biography_Other: Methods and Insights [126],Robin Stewart,tm nf biography other methods and insights 126,robin stewart,Books → Non-fiction → Biography → Other,"[""tm_nf_biography_other""]"
127,Politics in Context [127],Alex Campbell,politics in context 127,alex campbell,Books → Non-fiction → Biography → Politics,"[""tm_nf_biography_politics""]"
128,A Field Guide to Religious [128],Drew Fletcher,a field guide to religious 128,drew fletcher,Books → Non-fiction → Biography → Religious,"[""tm_nf_biography_religious""]"
129,The Complete Royalty Handbook [129],Chris Turner,the complete royalty handbook 129,chris turner,Books → Non-fiction → Biography → Royalty,"[""tm_nf_biography_royalty""]"
130,A Field Guide to Sport [130],Bailey Walsh,a field guide to sport 130,bailey walsh,Books → Non-fiction → Biography → Sport,"[""tm_nf_biography_sport""]"
131,Accounting: A Practical Guide [131],Taylor Fletcher,accounting a practical guide 131,taylor fletcher,"Books → Non-fiction → Business, finance & law → Accounting","[""tm_nf_business_finance_law_accounting""]"
132,Understanding Business [132],Cameron Fletcher,understanding business 132,cameron fletcher,"Books → Non-fiction → Business, finance & law → Business","[""tm_nf_business_finance_law_business""]"
133,Economics: A Practical Guide [133],Taylor Scott,economics a practical guide 133,taylor scott,"Books → Non-fiction → Business, finance & law → Economics","[""tm_nf_business_finance_law_economics""]"
134,A Field Guide to Finance [134],Avery Walsh,a field guide to finance 134,avery walsh,"Books → Non-fiction → Business, finance & law → Finance","[""tm_nf_business_finance_law_finance""]"
135,A Field Guide to Investing [135],Parker Hughes,a field guide to investing 135,parker hughes,"Books → Non-fiction → Business, finance & law → Investing","[""tm_nf_business_finance_law_investing""]"
136,The Complete Law Handbook [136],Quinn Walker,the complete law handbook 136,quinn walker,"Books → Non-fiction → Business, finance & law → Law","[""tm_nf_business_finance_law_law""]"
137,Management & leadership in Context [137],Chris Carter,management leadership in context 137,chris carter,"Books → Non-fiction → Business, finance & law → Management & leadership","[""tm_nf_business_finance_law_management_leadership""]"
138,A Field Guide to Tm_Nf_Business_Finance_Law_Other [138],Alex Hughes,a field guide to tm nf business finance law other 138,alex hughes,"Books → Non-fiction → Business, finance & law → Other","[""tm_nf_business_finance_law_other""]"
139,Personal finance in Context [139],Avery Clark,personal finance in context 139,avery clark,"Books → Non-fiction → Business, finance & law → Personal finance","[""tm_nf_business_finance_law_personal_finance""]"
140,The Complete Real estate Handbook [140],Drew Scott,the complete real estate handbook 140,drew scott,"Books → Non-fiction → Business, finance & law → Real estate","[""tm_nf_business_finance_law_real_estate""]"
141,Sales & marketing: Methods and Insights [141],Taylor Bishop,sales marketing methods and insights 141,taylor bishop,"Books → Non-fiction → Business, finance & law → Sales & marketing","[""tm_nf_business_finance_law_sales_marketing""]"
142,Foundations of Small business & entrepreneurship [142],Harper Walsh,foundations of small business entrepreneurship 142,harper walsh,"Books → Non-fiction → Business, finance & law → Small business & entrepreneurship","[""tm_nf_business_finance_law_small_business_entrepreneurship""]"
143,A Field Guide to Manuals [143],Robin Evans,a field guide to manuals 143,robin evans,Books → Non-fiction → Computers & internet → Manuals,"[""tm_nf_computers_internet_manuals""]"
144,Understanding Tm_Nf_Computers_Internet_Other [144],Jamie Clark,understanding tm nf computers internet other 144,jamie clark,Books → Non-fiction → Computers & internet → Other,"[""tm_nf_computers_internet_other""]"
145,A Field Guide to Programming [145],Morgan Scott,a field guide to programming 145,morgan scott,Books → Non-fiction → Computers & internet → Programming,"[""tm_nf_computers_internet_programming""]"
146,Foundations of Baking & desserts [146],Quinn Evans,foundations of baking desserts 146,quinn evans,Books → Non-fiction → Cooking → Baking & desserts,"[""tm_nf_cooking_baking_desserts""]"
147,Celebrity chefs: A Practical Guide [147],Robin Bishop,celebrity chefs a practical guide 147,robin bishop,Books → Non-fiction → Cooking → Celebrity chefs,"[""tm_nf_cooking_celebrity_chefs""]"
148,Entertaining & party in Context [148],Harper Walker,entertaining party in context 148,harper walker,Books → Non-fiction → Cooking → Entertaining & party,"[""tm_nf_cooking_entertaining_party""]"
149,Ethnic: Methods and Insights [149],Logan Brooks,ethnic methods and insights 149,logan brooks,Books → Non-fiction → Cooking → Ethnic,"[""tm_nf_cooking_ethnic""]"
150,Modern Healthy eating [150],Jamie Hughes,modern healthy eating 150,jamie hughes,Books → Non-fiction → Cooking → Healthy eating,"[""tm_nf_cooking_healthy_eating""]"
151,Modern Meat [151],Morgan Rowan,modern meat 151,morgan rowan,Books → Non-fiction → Cooking → Meat,"[""tm_nf_cooking_meat""]"
152,Foundations of Microwave [152],Elliot Scott,foundations of microwave 152,elliot scott,Books → Non-fiction → Cooking → Microwave,"[""tm_nf_cooking_microwave""]"
153,Tm_Nf_Cooking_Other: Methods and Insights [153],Jordan Stewart,tm nf cooking other methods and insights 153,jordan stewart,Books → Non-fiction → Cooking → Other,"[""tm_nf_cooking_other""]"
154,Foundations of Pasta [154],Riley Campbell,foundations of pasta 154,riley campbell,Books → Non-fiction → Cooking → Pasta,"[""tm_nf_cooking_pasta""]"
155,Understanding Vegan & vegetarian [155],Alex Carter,understanding vegan vegetarian 155,alex carter,Books → Non-fiction → Cooking → Vegan & vegetarian,"[""tm_nf_cooking_vegan_vegetarian""]"
156,Cake design in Context [156],Skyler Scott,cake design in context 156,skyler scott,Books → Non-fiction → Crafts → Cake design,"[""tm_nf_crafts_cake_design""]"
157,The Complete Flower arrangement Handbook [157],Logan Clark,the complete flower arrangement handbook 157,logan clark,Books → Non-fiction → Crafts → Flower arrangement,"[""tm_nf_crafts_flower_arrangement""]"
158,Knitting & needlecraft in Context [158],Quinn Foster,knitting needlecraft in context 158,quinn foster,Books → Non-fiction → Crafts → Knitting & needlecraft,"[""tm_nf_crafts_knitting_needlecraft""]"
159,A Field Guide to Tm_Nf_Crafts_Other [159],Riley Hayes,a field guide to tm nf crafts other 159,riley hayes,Books → Non-fiction → Crafts → Other,"[""tm_nf_crafts_other""]"
160,Pottery & ceramics: A Practical Guide [160],Taylor Clark,pottery ceramics a practical guide 160,taylor clark,Books → Non-fiction → Crafts → Pottery & ceramics,"[""tm_nf_crafts_pottery_ceramics""]"
161,Sewing & textiles in Context [161],Morgan Hughes,sewing textiles in context 161,morgan hughes,Books → Non-fiction → Crafts → Sewing & textiles,"[""tm_nf_crafts_sewing_textiles""]"
162,Modern Toy making [162],Sam Evans,modern toy making 162,sam evans,Books → Non-fiction → Crafts → Toy making,"[""tm_nf_crafts_toy_making""]"
163,Flora & fauna in Context [163],Taylor Brooks,flora fauna in context 163,taylor brooks,Books → Non-fiction → Flora & fauna,"[""tm_nf_flora_fauna""]"
164,Understanding Genealogy [164],Logan Hughes,understanding genealogy 164,logan hughes,Books → Non-fiction → Genealogy,"[""tm_nf_genealogy""]"
165,Beauty & fashion: Methods and Insights [165],Logan Scott,beauty fashion methods and insights 165,logan scott,Books → Non-fiction → Health & lifestyle → Beauty & fashion,"[""tm_nf_health_lifestyle_beauty_fashion""]"
166,A Field Guide to Death & grief [166],Bailey Brooks,a field guide to death grief 166,bailey brooks,Books → Non-fiction → Health & lifestyle → Death & grief,"[""tm_nf_health_lifestyle_death_grief""]"
167,Understanding Diet [167],Skyler Brooks,understanding diet 167,skyler brooks,Books → Non-fiction → Health & lifestyle → Diet,"[""tm_nf_health_lifestyle_diet""]"
168,Foundations of Disorders & diseases [168],Riley Fletcher,foundations of disorders diseases 168,riley fletcher,Books → Non-fiction → Health & lifestyle → Disorders & diseases,"[""tm_nf_health_lifestyle_disorders_diseases""]"
169,Modern Fitness & exercise [169],Riley Fletcher,modern fitness exercise 169,riley fletcher,Books → Non-fiction → Health & lifestyle → Fitness & exercise,"[""tm_nf_health_lifestyle_fitness_exercise""]"
170,Modern Massage & meditation [170],Jordan Bishop,modern massage meditation 170,jordan bishop,Books → Non-fiction → Health & lifestyle → Massage & meditation,"[""tm_nf_health_lifestyle_massage_meditation""]"
171,Mens health in Context [171],Chris Walsh,mens health in context 171,chris walsh,Books → Non-fiction → Health & lifestyle → Mens health,"[""tm_nf_health_lifestyle_mens_health""]"
172,Mental health: Methods and Insights [172],Bailey Rowan,mental health methods and insights 172,bailey rowan,Books → Non-fiction → Health & lifestyle → Mental health,"[""tm_nf_health_lifestyle_mental_health""]"
173,Understanding Natural healing [173],Casey Stewart,understanding natural healing 173,casey stewart,Books → Non-fiction → Health & lifestyle → Natural healing,"[""tm_nf_health_lifestyle_natural_healing""]"
174,A Field Guide to Tm_Nf_Health_Lifestyle_Other [174],Casey Campbell,a field guide to tm nf health lifestyle other 174,casey campbell,Books → Non-fiction → Health & lifestyle → Other,"[""tm_nf_health_lifestyle_other""]"
175,The Complete Parenting Handbook [175],Harper Clark,the complete parenting handbook 175,harper clark,Books → Non-fiction → Health & lifestyle → Parenting,"[""tm_nf_health_lifestyle_parenting""]"
176,Pregnancy & baby: Methods and Insights [176],Bailey Brooks,pregnancy baby methods and insights 176,bailey brooks,Books → Non-fiction → Health & lifestyle → Pregnancy & baby,"[""tm_nf_health_lifestyle_pregnancy_baby""]"
177,A Field Guide to Recovery [177],Sam Campbell,a field guide to recovery 177,sam campbell,Books → Non-fiction → Health & lifestyle → Recovery,"[""tm_nf_health_lifestyle_recovery""]"
178,A Field Guide to Relationships [178],Quinn Walker,a field guide to relationships 178,quinn walker,Books → Non-fiction → Health & lifestyle → Relationships,"[""tm_nf_health_lifestyle_relationships""]"
179,Safety & first aid: A Practical Guide [179],Cameron Mitchell,safety first aid a practical guide 179,cameron mitchell,Books → Non-fiction → Health & lifestyle → Safety & first aid,"[""tm_nf_health_lifestyle_safety_first_aid""]"
180,Modern Sexual health & wellbeing [180],Alex Turner,modern sexual health wellbeing 180,alex turner,Books → Non-fiction → Health & lifestyle → Sexual health & wellbeing,"[""tm_nf_health_lifestyle_sexual_health_wellbeing""]"
181,Foundations of Women's health [181],Quinn Clark,foundations of women s health 181,quinn clark,Books → Non-fiction → Health & lifestyle → Women's health,"[""tm_nf_health_lifestyle_womens_health""]"
182,Ancient in Context [182],Skyler Stewart,ancient in context 182,skyler stewart,Books → Non-fiction → History → Ancient,"[""tm_nf_history_ancient""]"
183,Foundations of Asia [183],Harper Foster,foundations of asia 183,harper foster,Books → Non-fiction → History → Asia,"[""tm_nf_history_asia""]"
184,Australia: A Practical Guide [184],Quinn Walsh,australia a practical guide 184,quinn walsh,Books → Non-fiction → History → Australia,"[""tm_nf_history_australia""]"
185,A Field Guide to Britain [185],Morgan Brooks,a field guide to britain 185,morgan brooks,Books → Non-fiction → History → Britain,"[""tm_nf_history_britain""]"
186,Understanding Europe [186],Parker Evans,understanding europe 186,parker evans,Books → Non-fiction → History → Europe,"[""tm_nf_history_europe""]"
187,New Zealand: A Practical Guide [187],Quinn Walker,new zealand a practical guide 187,quinn walker,Books → Non-fiction → History → New Zealand,"[""tm_nf_history_new_zealand""]"
188,Tm_Nf_History_Other: A Practical Guide [188],Jordan Clark,tm nf history other a practical guide 188,jordan clark,Books → Non-fiction → History → Other,"[""tm_nf_history_other""]"
189,Understanding The Americas [189],Logan Reid,understanding the americas 189,logan reid,Books → Non-fiction → History → The Americas,"[""tm_nf_history_the_americas""]"
190,World: A Practical Guide [190],Chris Mitchell,world a practical guide 190,chris mitchell,Books → Non-fiction → History → World,"[""tm_nf_history_world""]"
191,Hobbies & games: Methods and Insights [191],Jamie Brooks,hobbies games methods and insights 191,jamie brooks,Books → Non-fiction → Hobbies & games,"[""tm_nf_hobbies_games""]"
192,Herb & vegetable gardening: Methods and Insights [192],Drew Mitchell,herb vegetable gardening methods and insights 192,drew mitchell,Books → Non-fiction → Home & garden → Herb & vegetable gardening,"[""tm_nf_home_garden_herb_vegetable_gardening""]"
193,Foundations of Home decorating & interior design [193],Harper Fletcher,foundations of home decorating interior design 193,harper fletcher,Books → Non-fiction → Home & garden → Home decorating & interior design,"[""tm_nf_home_garden_home_decorating_interior_design""]"
194,The Complete Home improvements Handbook [194],Skyler Bennett,the complete home improvements handbook 194,skyler bennett,Books → Non-fiction → Home & garden → Home improvements,"[""tm_nf_home_garden_home_improvements""]"
195,Indoor plants: A Practical Guide [195],Avery Stewart,indoor plants a practical guide 195,avery stewart,Books → Non-fiction → Home & garden → Indoor plants,"[""tm_nf_home_garden_indoor_plants""]"
196,The Complete Tm_Nf_Home_Garden_Other Handbook [196],Sam Bennett,the complete tm nf home garden other handbook 196,sam bennett,Books → Non-fiction → Home & garden → Other,"[""tm_nf_home_garden_other""]"
197,Other gardening in Context [197],Jamie Bennett,other gardening in context 197,jamie bennett,Books → Non-fiction → Home & garden → Other gardening,"[""tm_nf_home_garden_other_gardening""]"
198,Understanding Roses [198],Riley Hayes,understanding roses 198,riley hayes,Books → Non-fiction → Home & garden → Roses,"[""tm_nf_home_garden_roses""]"
199,Modern Trees & shrubs [199],Taylor Walker,modern trees shrubs 199,taylor walker,Books → Non-fiction → Home & garden → Trees & shrubs,"[""tm_nf_home_garden_trees_shrubs""]"
200,Humour in Context [200],Logan Fletcher,humour in context 200,logan fletcher,Books → Non-fiction → Humour,"[""tm_nf_humour""]"
201,Movies & TV: Methods and Insights [201],Morgan Scott,movies tv methods and insights 201,morgan scott,Books → Non-fiction → Movies & TV,"[""tm_nf_movies_tv""]"
202,The Complete Guides & educational Handbook [202],Morgan Bishop,the complete guides educational handbook 202,morgan bishop,Books → Non-fiction → Music → Guides & educational,"[""tm_nf_music_guides_educational""]"
203,The Complete Musicians & groups Handbook [203],Cameron Bennett,the complete musicians groups handbook 203,cameron bennett,Books → Non-fiction → Music → Musicians & groups,"[""tm_nf_music_musicians_groups""]"
204,Foundations of Tm_Nf_Music_Other [204],Cameron Mitchell,foundations of tm nf music other 204,cameron mitchell,Books → Non-fiction → Music → Other,"[""tm_nf_music_other""]"
205,A Field Guide to New Zealand [205],Jamie Rowan,a field guide to new zealand 205,jamie rowan,Books → Non-fiction → New Zealand,"[""tm_nf_new_zealand""]"
206,Tm_Nf_Other in Context [206],Taylor Bishop,tm nf other in context 206,taylor bishop,Books → Non-fiction → Other,"[""tm_nf_other""]"
207,The Complete Birds Handbook [207],Cameron Carter,the complete birds handbook 207,cameron carter,Books → Non-fiction → Pets → Birds,"[""tm_nf_pets_birds""]"
208,Cats: Methods and Insights [208],Bailey Clark,cats methods and insights 208,bailey clark,Books → Non-fiction → Pets → Cats,"[""tm_nf_pets_cats""]"
209,Dogs: Methods and Insights [209],Jordan Hughes,dogs methods and insights 209,jordan hughes,Books → Non-fiction → Pets → Dogs,"[""tm_nf_pets_dogs""]"
210,Fish: Methods and Insights [210],Alex Clark,fish methods and insights 210,alex clark,Books → Non-fiction → Pets → Fish,"[""tm_nf_pets_fish""]"
211,Modern Horses [211],Taylor Clark,modern horses 211,taylor clark,Books → Non-fiction → Pets → Horses,"[""tm_nf_pets_horses""]"
212,Tm_Nf_Pets_Other: Methods and Insights [212],Logan Hayes,tm nf pets other methods and insights 212,logan hayes,Books → Non-fiction → Pets → Other,"[""tm_nf_pets_other""]"
213,A Field Guide to Philosophy [213],Morgan Hughes,a field guide to philosophy 213,morgan hughes,Books → Non-fiction → Philosophy,"[""tm_nf_philosophy""]"
214,Foundations of Politics & social commentary [214],Parker Evans,foundations of politics social commentary 214,parker evans,Books → Non-fiction → Politics & social commentary,"[""tm_nf_politics_social_commentary""]"
215,Modern Psychology [215],Logan Clark,modern psychology 215,logan clark,Books → Non-fiction → Psychology,"[""tm_nf_psychology""]"
216,Foundations of Atlases [216],Drew Stewart,foundations of atlases 216,drew stewart,Books → Non-fiction → Reference → Atlases,"[""tm_nf_reference_atlases""]"
217,The Complete Dictionaries & thesauruses Handbook [217],Chris Brooks,the complete dictionaries thesauruses handbook 217,chris brooks,Books → Non-fiction → Reference → Dictionaries & thesauruses,"[""tm_nf_reference_dictionaries_thesauruses""]"
218,Encyclopedias in Context [218],Logan Walker,encyclopedias in context 218,logan walker,Books → Non-fiction → Reference → Encyclopedias,"[""tm_nf_reference_encyclopedias""]"
219,A Field Guide to Tm_Nf_Reference_Other [219],Drew Bennett,a field guide to tm nf reference other 219,drew bennett,Books → Non-fiction → Reference → Other,"[""tm_nf_reference_other""]"
220,Modern World record books [220],Drew Reid,modern world record books 220,drew reid,Books → Non-fiction → Reference → World record books,"[""tm_nf_reference_world_record_books""]"
221,Modern Bibles [221],Jamie Turner,modern bibles 221,jamie turner,Books → Non-fiction → Religion & spirituality → Bibles,"[""tm_nf_religion_spirituality_bibles""]"
222,Foundations of Christianity [222],Drew Fletcher,foundations of christianity 222,drew fletcher,Books → Non-fiction → Religion & spirituality → Christianity,"[""tm_nf_religion_spirituality_christianity""]"
223,Foundations of Discussion & critical thinking [223],Bailey Bennett,foundations of discussion critical thinking 223,bailey bennett,Books → Non-fiction → Religion & spirituality → Discussion & critical thinking,"[""tm_nf_religion_spirituality_discussion_critical_thinking""]"
224,Islam in Context [224],Jordan Stewart,islam in context 224,jordan stewart,Books → Non-fiction → Religion & spirituality → Islam,"[""tm_nf_religion_spirituality_islam""]"
225,A Field Guide to New age [225],Skyler Evans,a field guide to new age 225,skyler evans,Books → Non-fiction → Religion & spirituality → New age,"[""tm_nf_religion_spirituality_new_age""]"
226,Tm_Nf_Religion_Spirituality_Other in Context [226],Skyler Foster,tm nf religion spirituality other in context 226,skyler foster,Books → Non-fiction → Religion & spirituality → Other,"[""tm_nf_religion_spirituality_other""]"
227,Modern Biology [227],Alex Rowan,modern biology 227,alex rowan,Books → Non-fiction → Science & medical → Biology,"[""tm_nf_science_medical_biology""]"
228,Foundations of Chemistry [228],Riley Mitchell,foundations of chemistry 228,riley mitchell,Books → Non-fiction → Science & medical → Chemistry,"[""tm_nf_science_medical_chemistry""]"
229,Earth in Context [229],Robin Walker,earth in context 229,robin walker,Books → Non-fiction → Science & medical → Earth,"[""tm_nf_science_medical_earth""]"
230,Ecology: Methods and Insights [230],Skyler Evans,ecology methods and insights 230,skyler evans,Books → Non-fiction → Science & medical → Ecology,"[""tm_nf_science_medical_ecology""]"
231,Tm_Nf_Science_Medical_Other: Methods and Insights [231],Harper Evans,tm nf science medical other methods and insights 231,harper evans,Books → Non-fiction → Science & medical → Other,"[""tm_nf_science_medical_other""]"
232,Physics: Methods and Insights [232],Avery Brooks,physics methods and insights 232,avery brooks,Books → Non-fiction → Science & medical → Physics,"[""tm_nf_science_medical_physics""]"
233,Foundations of Space & astronomy [233],Robin Fletcher,foundations of space astronomy 233,robin fletcher,Books → Non-fiction → Science & medical → Space & astronomy,"[""tm_nf_science_medical_space_astronomy""]"
234,Female specific in Context [234],Taylor Campbell,female specific in context 234,taylor campbell,Books → Non-fiction → Self-help → Female specific,"[""tm_nf_self_help_female_specific""]"
235,Life coaching: Methods and Insights [235],Taylor Evans,life coaching methods and insights 235,taylor evans,Books → Non-fiction → Self-help → Life coaching,"[""tm_nf_self_help_life_coaching""]"
236,Understanding Male specific [236],Jamie Campbell,understanding male specific 236,jamie campbell,Books → Non-fiction → Self-help → Male specific,"[""tm_nf_self_help_male_specific""]"
237,Modern Money [237],Chris Walker,modern money 237,chris walker,Books → Non-fiction → Self-help → Money,"[""tm_nf_self_help_money""]"
238,Foundations of Tm_Nf_Self_Help_Other [238],Taylor Campbell,foundations of tm nf self help other 238,taylor campbell,Books → Non-fiction → Self-help → Other,"[""tm_nf_self_help_other""]"
239,Foundations of Relationships [239],Riley Turner,foundations of relationships 239,riley turner,Books → Non-fiction → Self-help → Relationships,"[""tm_nf_self_help_relationships""]"
240,Understanding Basketball [240],Robin Bennett,understanding basketball 240,robin bennett,Books → Non-fiction → Sport → Basketball,"[""tm_nf_sport_basketball""]"
241,"Understanding Climbing, hiking & tramping [241]",Chris Carter,understanding climbing hiking tramping 241,chris carter,"Books → Non-fiction → Sport → Climbing, hiking & tramping","[""tm_nf_sport_climbing_hiking_tramping""]"
242,Cricket: A Practical Guide [242],Bailey Bishop,cricket a practical guide 242,bailey bishop,Books → Non-fiction → Sport → Cricket,"[""tm_nf_sport_cricket""]"
243,Understanding Cycling [243],Skyler Sinclair,understanding cycling 243,skyler sinclair,Books → Non-fiction → Sport → Cycling,"[""tm_nf_sport_cycling""]"
244,Diving & scuba: A Practical Guide [244],Cameron Bishop,diving scuba a practical guide 244,cameron bishop,Books → Non-fiction → Sport → Diving & scuba,"[""tm_nf_sport_diving_scuba""]"
245,Modern Equestrian [245],Skyler Brooks,modern equestrian 245,skyler brooks,Books → Non-fiction → Sport → Equestrian,"[""tm_nf_sport_equestrian""]"
246,Fishing: Methods and Insights [246],Morgan Carter,fishing methods and insights 246,morgan carter,Books → Non-fiction → Sport → Fishing,"[""tm_nf_sport_fishing""]"
247,Foundations of Golf [247],Skyler Sinclair,foundations of golf 247,skyler sinclair,Books → Non-fiction → Sport → Golf,"[""tm_nf_sport_golf""]"
248,The Complete Hunting & shooting Handbook [248],Quinn Foster,the complete hunting shooting handbook 248,quinn foster,Books → Non-fiction → Sport → Hunting & shooting,"[""tm_nf_sport_hunting_shooting""]"
249,"The Complete Kayaking, canoeing & rowing Handbook [249]",Cameron Carter,the complete kayaking canoeing rowing handbook 249,cameron carter,"Books → Non-fiction → Sport → Kayaking, canoeing & rowing","[""tm_nf_sport_kayaking_canoeing_rowing""]"
250,Understanding Martial arts [250],Casey Walker,understanding martial arts 250,casey walker,Books → Non-fiction → Sport → Martial arts,"[""tm_nf_sport_martial_arts""]"
251,Foundations of Motorsport [251],Jordan Stewart,foundations of motorsport 251,jordan stewart,Books → Non-fiction → Sport → Motorsport,"[""tm_nf_sport_motorsport""]"
252,The Complete Tm_Nf_Sport_Other Handbook [252],Bailey Clark,the complete tm nf sport other handbook 252,bailey clark,Books → Non-fiction → Sport → Other,"[""tm_nf_sport_other""]"
253,Racquet sports in Context [253],Elliot Mitchell,racquet sports in context 253,elliot mitchell,Books → Non-fiction → Sport → Racquet sports,"[""tm_nf_sport_racquet_sports""]"
254,Modern Rugby [254],Logan Bishop,modern rugby 254,logan bishop,Books → Non-fiction → Sport → Rugby,"[""tm_nf_sport_rugby""]"
255,A Field Guide to Running [255],Robin Walker,a field guide to running 255,robin walker,Books → Non-fiction → Sport → Running,"[""tm_nf_sport_running""]"
256,Sailing: A Practical Guide [256],Parker Sinclair,sailing a practical guide 256,parker sinclair,Books → Non-fiction → Sport → Sailing,"[""tm_nf_sport_sailing""]"
257,Snow sports in Context [257],Jamie Fletcher,snow sports in context 257,jamie fletcher,Books → Non-fiction → Sport → Snow sports,"[""tm_nf_sport_snow_sports""]"
258,The Complete Soccer Handbook [258],Morgan Stewart,the complete soccer handbook 258,morgan stewart,Books → Non-fiction → Sport → Soccer,"[""tm_nf_sport_soccer""]"
259,Understanding Surfing [259],Bailey Rowan,understanding surfing 259,bailey rowan,Books → Non-fiction → Sport → Surfing,"[""tm_nf_sport_surfing""]"
260,Understanding Swimming [260],Alex Clark,understanding swimming 260,alex clark,Books → Non-fiction → Sport → Swimming,"[""tm_nf_sport_swimming""]"
261,Modern Technology & engineering [261],Parker Foster,modern technology engineering 261,parker foster,Books → Non-fiction → Technology & engineering,"[""tm_nf_technology_engineering""]"
262,Foundations of Aviation [262],Sam Stewart,foundations of aviation 262,sam stewart,Books → Non-fiction → Transport → Aviation,"[""tm_nf_transport_aviation""]"
263,Foundations of Bikes [263],Robin Brooks,foundations of bikes 263,robin brooks,Books → Non-fiction → Transport → Bikes,"[""tm_nf_transport_bikes""]"
264,The Complete Cars Handbook [264],Riley Fletcher,the complete cars handbook 264,riley fletcher,Books → Non-fiction → Transport → Cars,"[""tm_nf_transport_cars""]"
265,Marine in Context [265],Harper Sinclair,marine in context 265,harper sinclair,Books → Non-fiction → Transport → Marine,"[""tm_nf_transport_marine""]"
266,Tm_Nf_Transport_Other in Context [266],Casey Fletcher,tm nf transport other in context 266,casey fletcher,Books → Non-fiction → Transport → Other,"[""tm_nf_transport_other""]"
267,Understanding Rail [267],Jordan Carter,understanding rail 267,jordan carter,Books → Non-fiction → Transport → Rail,"[""tm_nf_transport_rail""]"
268,Understanding Trucks [268],Robin Scott,understanding trucks 268,robin scott,Books → Non-fiction → Transport → Trucks,"[""tm_nf_transport_trucks""]"
269,Foundations of Africa [269],Logan Sinclair,foundations of africa 269,logan sinclair,Books → Non-fiction → Travel → Africa,"[""tm_nf_travel_africa""]"
270,Modern Asia [270],Robin Mitchell,modern asia 270,robin mitchell,Books → Non-fiction → Travel → Asia,"[""tm_nf_travel_asia""]"
271,Foundations of Australia [271],Elliot Evans,foundations of australia 271,elliot evans,Books → Non-fiction → Travel → Australia,"[""tm_nf_travel_australia""]"
272,Modern Central & South America [272],Logan Rowan,modern central south america 272,logan rowan,Books → Non-fiction → Travel → Central & South America,"[""tm_nf_travel_central_south_america""]"
273,Europe: A Practical Guide [273],Harper Walsh,europe a practical guide 273,harper walsh,Books → Non-fiction → Travel → Europe,"[""tm_nf_travel_europe""]"
274,Foundations of New Zealand [274],Alex Rowan,foundations of new zealand 274,alex rowan,Books → Non-fiction → Travel → New Zealand,"[""tm_nf_travel_new_zealand""]"
275,North America in Context [275],Cameron Walker,north america in context 275,cameron walker,Books → Non-fiction → Travel → North America,"[""tm_nf_travel_north_america""]"
276,Tm_Nf_Travel_Other: A Practical Guide [276],Chris Walker,tm nf travel other a practical guide 276,chris walker,Books → Non-fiction → Travel → Other,"[""tm_nf_travel_other""]"
277,Pacific Islands: A Practical Guide [277],Morgan Foster,pacific islands a practical guide 277,morgan foster,Books → Non-fiction → Travel → Pacific Islands,"[""tm_nf_travel_pacific_islands""]"
278,Modern True crime [278],Chris Reid,modern true crime 278,chris reid,Books → Non-fiction → True crime,"[""tm_nf_true_crime""]"
279,A Field Guide to Tm_Nf_War_Military_Other [279],Skyler Rowan,a field guide to tm nf war military other 279,skyler rowan,Books → Non-fiction → War & military → Other,"[""tm_nf_war_military_other""]"
280,Modern World War I [280],Avery Clark,modern world war i 280,avery clark,Books → Non-fiction → War & military → World War I,"[""tm_nf_war_military_world_war_i""]"
281,World War II: Methods and Insights [281],Drew Sinclair,world war ii methods and insights 281,drew sinclair,Books → Non-fiction → War & military → World War II,"[""tm_nf_war_military_world_war_ii""]"
282,Understanding Wine & drink [282],Drew Clark,understanding wine drink 282,drew clark,Books → Non-fiction → Wine & drink,"[""tm_nf_wine_drink""]"
283,Modern 1950 - today [283],Robin Mitchell,modern 1950 today 283,robin mitchell,Books → Rare & collectable → Annuals → 1950 - today,"[""tm_rc_annuals_1950_today""]"
284,Pre 1950: A Practical Guide [284],Logan Rowan,pre 1950 a practical guide 284,logan rowan,Books → Rare & collectable → Annuals → Pre 1950,"[""tm_rc_annuals_pre_1950""]"
285,First editions: Methods and Insights [285],Chris Walsh,first editions methods and insights 285,chris walsh,Books → Rare & collectable → First editions,"[""tm_rc_first_editions""]"
286,The Complete Art Handbook [286],Quinn Hughes,the complete art handbook 286,quinn hughes,Books → Rare & collectable → NZ published → Art,"[""tm_rc_nz_published_art""]"
287,Biography: A Practical Guide [287],Bailey Brooks,biography a practical guide 287,bailey brooks,Books → Rare & collectable → NZ published → Biography,"[""tm_rc_nz_published_biography""]"
288,A Field Guide to History [288],Sam Campbell,a field guide to history 288,sam campbell,Books → Rare & collectable → NZ published → History,"[""tm_rc_nz_published_history""]"
289,Tm_Rc_Nz_Published_Other: Methods and Insights [289],Parker Foster,tm rc nz published other methods and insights 289,parker foster,Books → Rare & collectable → NZ published → Other,"[""tm_rc_nz_published_other""]"
290,Modern Sport [290],Sam Campbell,modern sport 290,sam campbell,Books → Rare & collectable → NZ published → Sport,"[""tm_rc_nz_published_sport""]"
291,Foundations of Transport [291],Bailey Hayes,foundations of transport 291,bailey hayes,Books → Rare & collectable → NZ published → Transport,"[""tm_rc_nz_published_transport""]"
292,Foundations of War & military [292],Logan Foster,foundations of war military 292,logan foster,Books → Rare & collectable → NZ published → War & military,"[""tm_rc_nz_published_war_military""]"
293,The Complete 1950 - today Handbook [293],Alex Scott,the complete 1950 today handbook 293,alex scott,Books → Rare & collectable → Other → 1950 - today,"[""tm_rc_other_1950_today""]"
294,Pre 1950 in Context [294],Morgan Bishop,pre 1950 in context 294,morgan bishop,Books → Rare & collectable → Other → Pre 1950,"[""tm_rc_other_pre_1950""]"
295,Accounting: A Practical Guide [295],Bailey Clark,accounting a practical guide 295,bailey clark,Books → Teaching resources & education → Accounting,"[""tm_tre_accounting""]"
296,The Complete Architecture & design Handbook [296],Riley Sinclair,the complete architecture design handbook 296,riley sinclair,Books → Teaching resources & education → Architecture & design,"[""tm_tre_architecture_design""]"
297,Modern College study guides [297],Taylor Hayes,modern college study guides 297,taylor hayes,Books → Teaching resources & education → College study guides,"[""tm_tre_college_study_guides""]"
298,Modern Computing & info systems [298],Robin Hughes,modern computing info systems 298,robin hughes,Books → Teaching resources & education → Computing & info systems,"[""tm_tre_computing_info_systems""]"
299,Foundations of Economics [299],Harper Foster,foundations of economics 299,harper foster,Books → Teaching resources & education → Economics,"[""tm_tre_economics""]"
300,Modern Engineering [300],Riley Brooks,modern engineering 300,riley brooks,Books → Teaching resources & education → Engineering,"[""tm_tre_engineering""]"
301,Understanding Humanities & social science [301],Quinn Campbell,understanding humanities social science 301,quinn campbell,Books → Teaching resources & education → Humanities & social science,"[""tm_tre_humanities_social_science""]"
302,Understanding Law [302],Jordan Fletcher,understanding law 302,jordan fletcher,Books → Teaching resources & education → Law,"[""tm_tre_law""]"
303,A Field Guide to Management [303],Drew Hughes,a field guide to management 303,drew hughes,Books → Teaching resources & education → Management,"[""tm_tre_management""]"
304,Foundations of Marketing [304],Alex Bishop,foundations of marketing 304,alex bishop,Books → Teaching resources & education → Marketing,"[""tm_tre_marketing""]"
305,Foundations of Tm_Tre_Other [305],Cameron Walker,foundations of tm tre other 305,cameron walker,Books → Teaching resources & education → Other,"[""tm_tre_other""]"
306,Modern Science [306],Casey Brooks,modern science 306,casey brooks,Books → Teaching resources & education → Science,"[""tm_tre_science""]"
307,Modern Tm_Yaf_Ac [307],Avery Campbell,modern tm yaf ac 307,avery campbell,Books → Young adult fiction → Author A-C,"[""tm_yaf_ac""]"
308,A Field Guide to Tm_Yaf_Df [308],Logan Foster,a field guide to tm yaf df 308,logan foster,Books → Young adult fiction → Author D-F,"[""tm_yaf_df""]"
309,Tm_Yaf_Gi in Context [309],Riley Hughes,tm yaf gi in context 309,riley hughes,Books → Young adult fiction → Author G-I,"[""tm_yaf_gi""]"
310,Tm_Yaf_Jl in Context [310],Harper Carter,tm yaf jl in context 310,harper carter,Books → Young adult fiction → Author J-L,"[""tm_yaf_jl""]"
311,Tm_Yaf_Mo: Methods and Insights [311],Skyler Mitchell,tm yaf mo methods and insights 311,skyler mitchell,Books → Young adult fiction → Author M-O,"[""tm_yaf_mo""]"
312,A Field Guide to Tm_Yaf_Pr [312],Casey Reid,a field guide to tm yaf pr 312,casey reid,Books → Young adult fiction → Author P-R,"[""tm_yaf_pr""]"
313,Tm_Yaf_Su: A Practical Guide [313],Casey Turner,tm yaf su a practical guide 313,casey turner,Books → Young adult fiction → Author S-U,"[""tm_yaf_su""]"
314,The Complete Tm_Yaf_Vz Handbook [314],Logan Walsh,the complete tm yaf vz handbook 314,logan walsh,Books → Young adult fiction → Author V-Z,"[""tm_yaf_vz""]"
315,Modern Tm_Yaf_Other [315],Alex Hayes,modern tm yaf other 315,alex hayes,Books → Young adult fiction → Other,"[""tm_yaf_other""]"
